time,classificacao,serie,ano,pontos,jogos,vitorias,empates,derrotas,gols_pro,gols_contra,saldo_gols,cartoes_amarelos,cartoes_vermelhos,aproveitamento
Palmeiras,1,serie-a,2018,80,38,23,11,4,64,26,38,117,5,70
Flamengo,2,serie-a,2018,72,38,21,9,8,59,29,30,83,10,63
Internacional,3,serie-a,2018,69,38,19,12,7,51,29,22,96,6,60
Grêmio,4,serie-a,2018,66,38,18,12,8,48,27,21,83,1,57
São Paulo,5,serie-a,2018,63,38,16,15,7,46,34,12,98,6,55
Atlético,6,serie-a,2018,59,38,17,8,13,56,43,13,90,3,51
Athletico Paranaense,7,serie-a,2018,57,38,16,9,13,54,37,17,88,5,50
Cruzeiro,8,serie-a,2018,53,38,14,11,13,34,34,0,99,2,46
Botafogo,9,serie-a,2018,51,38,13,12,13,38,46,-8,90,5,44
Santos,10,serie-a,2018,50,38,13,11,14,46,40,6,88,3,43
Bahia,11,serie-a,2018,48,38,12,12,14,39,41,-2,85,4,42
Fluminense,12,serie-a,2018,45,38,12,9,17,32,46,-14,87,5,39
Corinthians,13,serie-a,2018,44,38,11,11,16,34,35,-1,77,3,38
Chapecoense,14,serie-a,2018,44,38,11,11,16,34,50,-16,74,3,38
Ceará,15,serie-a,2018,44,38,10,14,14,32,38,-6,91,3,38
Vasco da Gama,16,serie-a,2018,43,38,10,13,15,41,48,-7,101,9,37
America Fc,17,serie-a,2018,40,38,10,10,18,30,47,-17,84,8,35
Sport,18,serie-a,2018,39,38,11,9,18,35,57,-22,78,4,34
Vitória,19,serie-a,2018,37,38,9,10,19,36,63,-27,108,7,32
Paraná,20,serie-a,2018,23,38,4,11,23,18,57,-39,98,9,20
Fortaleza,1,serie-b,2018,71,38,21,8,9,54,33,21,95,2,62
Csa,2,serie-b,2018,62,38,17,11,10,51,37,14,96,2,54
Avaí,3,serie-b,2018,61,38,16,13,9,50,32,18,100,6,53
Goiás,4,serie-b,2018,60,38,18,6,14,54,50,4,93,3,52
Ponte Preta,5,serie-b,2018,60,38,16,12,10,42,30,12,85,9,52
Atlético,6,serie-b,2018,59,38,16,11,11,57,51,6,97,6,51
Vila Nova,7,serie-b,2018,57,38,14,15,9,41,36,5,88,6,50
Londrina,8,serie-b,2018,55,38,15,10,13,45,42,3,114,6,48
Guarani,9,serie-b,2018,54,38,14,12,12,44,39,5,86,3,47
Coritiba,10,serie-b,2018,52,38,13,13,12,40,44,-4,102,6,45
Brasil,11,serie-b,2018,50,38,13,11,14,36,35,1,108,5,43
Crb,12,serie-b,2018,48,38,12,12,14,35,39,-4,85,7,42
São Bento,13,serie-b,2018,47,38,11,14,13,41,41,0,98,4,41
Criciúma,14,serie-b,2018,47,38,11,14,13,45,49,-4,113,13,41
Figueirense,15,serie-b,2018,46,38,11,13,14,48,51,-3,99,6,40
Oeste,16,serie-b,2018,46,38,9,19,10,36,40,-4,90,4,40
Paysandu,17,serie-b,2018,43,38,10,13,15,42,53,-11,89,6,37
Sampaio Corrêa,18,serie-b,2018,38,38,10,8,20,32,47,-15,107,9,33
Juventude,19,serie-b,2018,35,38,7,14,17,27,48,-21,112,7,30
Boa,20,serie-b,2018,30,38,7,9,22,26,49,-23,95,9,26
Flamengo,1,serie-a,2019,90,38,28,6,4,86,37,49,90,3,78
Santos,2,serie-a,2019,74,38,22,8,8,60,33,27,110,12,64
Palmeiras,3,serie-a,2019,74,38,21,11,6,61,32,29,78,5,64
Grêmio,4,serie-a,2019,65,38,19,8,11,64,39,25,80,2,57
Athletico Paranaense,5,serie-a,2019,64,38,18,10,10,51,32,19,83,2,56
São Paulo,6,serie-a,2019,63,38,17,12,9,39,30,9,87,7,55
Internacional,7,serie-a,2019,57,38,16,9,13,44,38,6,98,3,50
Corinthians,8,serie-a,2019,56,38,14,14,10,42,34,8,72,2,49
Fortaleza,9,serie-a,2019,53,38,15,8,15,50,49,1,85,13,46
Goiás,10,serie-a,2019,52,38,15,7,16,46,64,-18,86,7,45
Bahia,11,serie-a,2019,49,38,12,13,13,44,43,1,65,6,42
Vasco da Gama,12,serie-a,2019,49,38,12,13,13,39,45,-6,105,5,42
Atlético,13,serie-a,2019,48,38,13,9,16,44,49,-5,69,5,42
Fluminense,14,serie-a,2019,46,38,12,10,16,38,46,-8,87,12,40
Botafogo,15,serie-a,2019,43,38,13,4,21,31,45,-14,94,3,37
Ceará,16,serie-a,2019,39,38,10,9,19,36,41,-5,85,3,34
Cruzeiro,17,serie-a,2019,36,38,7,15,16,27,46,-19,81,6,31
Csa,18,serie-a,2019,32,38,8,8,22,24,58,-34,90,4,28
Chapecoense,19,serie-a,2019,32,38,7,11,20,31,52,-21,79,6,28
Avaí,20,serie-a,2019,20,38,3,11,24,18,62,-44,79,10,17
Red Bull Bragantino,1,serie-b,2019,75,38,22,9,7,64,27,37,79,7,65
Sport,2,serie-b,2019,68,38,17,17,4,49,29,20,72,6,59
Coritiba,3,serie-b,2019,66,38,18,12,8,48,34,14,104,5,57
Atlético,4,serie-b,2019,62,38,15,17,6,44,29,15,94,4,54
America,5,serie-b,2019,61,38,17,10,11,42,34,8,77,1,53
Parana,6,serie-b,2019,56,38,14,14,10,34,33,1,100,5,49
Crb,7,serie-b,2019,55,38,15,10,13,44,43,1,94,7,48
Cuiabá Saf,8,serie-b,2019,52,38,13,13,12,43,40,3,85,6,45
Botafogo,9,serie-b,2019,50,38,13,11,14,38,38,0,87,6,43
Operário,10,serie-b,2019,50,38,13,11,14,32,41,-9,90,6,43
Ponte Preta,11,serie-b,2019,47,38,11,14,13,41,39,2,111,7,41
Vitória,12,serie-b,2019,45,38,11,12,15,42,48,-6,90,4,39
Guarani,13,serie-b,2019,44,38,12,8,18,27,37,-10,98,6,38
Brasil,14,serie-b,2019,44,38,11,11,16,31,47,-16,115,4,38
Oeste,15,serie-b,2019,41,38,8,17,13,41,49,-8,127,3,35
Figueirense,16,serie-b,2019,41,38,7,20,11,31,38,-7,92,5,35
Londrina,17,serie-b,2019,39,38,11,6,21,37,53,-16,97,10,34
São Bento,18,serie-b,2019,39,38,10,9,19,46,54,-8,103,9,34
Criciúma,19,serie-b,2019,39,38,8,15,15,30,38,-8,110,8,34
Vila Nova,20,serie-b,2019,39,38,7,18,13,27,40,-13,107,4,34
Flamengo,1,serie-a,2020,71,38,21,8,9,68,48,20,90,4,62
Internacional,2,serie-a,2020,70,38,20,10,8,61,35,26,91,9,61
Atlético,3,serie-a,2020,68,38,20,8,10,64,45,19,72,6,59
São Paulo,4,serie-a,2020,66,38,18,12,8,59,41,18,95,2,57
Fluminense,5,serie-a,2020,64,38,18,10,10,55,42,13,85,5,56
Grêmio,6,serie-a,2020,59,38,14,17,7,53,40,13,70,8,51
Palmeiras,7,serie-a,2020,58,38,15,13,10,51,37,14,96,5,50
Santos,8,serie-a,2020,54,38,14,12,12,52,51,1,86,6,47
Athletico Paranaense,9,serie-a,2020,53,38,15,8,15,38,36,2,82,5,46
Red Bull Bragantino,10,serie-a,2020,53,38,13,14,11,50,40,10,81,4,46
Ceará,11,serie-a,2020,52,38,14,10,14,54,51,3,91,10,45
Corinthians,12,serie-a,2020,51,38,13,12,13,45,45,0,83,10,44
Atlético,13,serie-a,2020,50,38,12,14,12,40,45,-5,82,6,43
Bahia,14,serie-a,2020,44,38,12,8,18,48,59,-11,88,8,38
Sport,15,serie-a,2020,42,38,12,6,20,31,50,-19,98,7,36
Fortaleza,16,serie-a,2020,41,38,10,11,17,34,44,-10,82,11,35
Vasco da Gama,17,serie-a,2020,41,38,10,11,17,37,56,-19,87,7,35
Goiás,18,serie-a,2020,37,38,9,10,19,41,63,-22,117,6,32
Coritiba,19,serie-a,2020,31,38,7,10,21,31,54,-23,82,8,27
Botafogo,20,serie-a,2020,27,38,5,12,21,32,62,-30,72,6,23
Chapecoense,1,serie-b,2020,73,38,20,13,5,42,21,21,97,6,64
America,2,serie-b,2020,73,38,20,13,5,43,23,20,64,3,64
Juventude,3,serie-b,2020,61,38,17,10,11,52,42,10,107,3,53
Cuiabá,4,serie-b,2020,61,38,17,10,11,48,40,8,89,5,53
Csa,5,serie-b,2020,58,38,16,10,12,50,37,13,104,7,50
Sampaio Correa,6,serie-b,2020,57,38,17,6,15,50,38,12,73,4,50
Ponte Preta,7,serie-b,2020,57,38,16,9,13,54,49,5,86,3,50
Operário,8,serie-b,2020,57,38,15,12,11,40,34,6,105,7,50
Avaí,9,serie-b,2020,55,38,16,7,15,45,49,-4,103,2,48
Crb,10,serie-b,2020,52,38,15,7,16,48,47,1,91,5,45
Cruzeiro,11,serie-b,2020,49,38,14,13,11,39,32,7,93,5,42
Brasil,12,serie-b,2020,49,38,11,16,11,31,33,-2,98,4,42
Guarani,13,serie-b,2020,48,38,13,9,16,41,48,-7,100,11,42
Vitória,14,serie-b,2020,48,38,11,15,12,45,45,0,92,5,42
Confiança,15,serie-b,2020,46,38,12,10,16,38,46,-8,121,11,40
Náutico,16,serie-b,2020,44,38,10,14,14,35,42,-7,100,4,38
Figueirense,17,serie-b,2020,39,38,9,12,17,35,49,-14,96,3,34
Paraná,18,serie-b,2020,37,38,9,10,19,34,50,-16,109,2,32
Botafogo,19,serie-b,2020,34,38,8,10,20,26,39,-13,112,6,29
Oeste,20,serie-b,2020,29,38,7,8,23,28,60,-32,92,2,25
Atlético Mineiro,1,serie-a,2021,84,38,26,6,6,67,34,33,82,4,73
Flamengo,2,serie-a,2021,71,38,21,8,9,69,36,33,82,4,62
Palmeiras,3,serie-a,2021,66,38,20,6,12,58,43,15,87,11,57
Fortaleza,4,serie-a,2021,58,38,17,7,14,44,45,-1,95,7,50
Corinthians,5,serie-a,2021,57,38,15,12,11,40,36,4,61,3,50
Red Bull Bragantino,6,serie-a,2021,56,38,14,14,10,55,46,9,95,3,49
Fluminense,7,serie-a,2021,54,38,15,9,14,38,38,0,91,4,47
America,8,serie-a,2021,53,38,13,14,11,41,37,4,66,2,46
Atlético,9,serie-a,2021,53,38,13,14,11,33,36,-3,98,7,46
Santos,10,serie-a,2021,50,38,12,14,12,35,40,-5,103,4,43
Ceará,11,serie-a,2021,50,38,11,17,10,39,38,1,90,5,43
Internacional,12,serie-a,2021,48,38,12,12,14,44,42,2,106,11,42
São Paulo,13,serie-a,2021,48,38,11,15,12,31,39,-8,100,7,42
Athletico Paranaense,14,serie-a,2021,47,38,13,8,17,41,45,-4,90,6,41
Cuiabá,15,serie-a,2021,47,38,10,17,11,34,37,-3,84,7,41
Juventude,16,serie-a,2021,46,38,11,13,14,36,44,-8,93,4,40
Grêmio,17,serie-a,2021,43,38,12,7,19,44,51,-7,110,7,37
Bahia,18,serie-a,2021,43,38,11,10,17,42,51,-9,94,5,37
Sport,19,serie-a,2021,38,38,9,11,18,24,37,-13,94,5,33
Chapecoense,20,serie-a,2021,15,38,1,12,25,27,67,-40,82,10,13
Botafogo,1,serie-b,2021,70,38,20,10,8,56,31,25,71,5,61
Goiás,2,serie-b,2021,65,38,17,14,7,48,31,17,96,4,57
Coritiba,3,serie-b,2021,64,38,18,10,10,49,35,14,99,3,56
Avaí,4,serie-b,2021,64,38,18,10,10,44,35,9,92,6,56
Csa,5,serie-b,2021,62,38,18,8,12,48,33,15,99,3,54
Guarani,6,serie-b,2021,60,38,16,12,10,54,41,13,106,12,52
Crb,7,serie-b,2021,60,38,16,12,10,47,39,8,84,5,52
Náutico,8,serie-b,2021,53,38,14,11,13,50,50,0,103,11,46
Vila Nova,9,serie-b,2021,51,38,12,15,11,35,36,-1,95,3,44
Vasco da Gama,10,serie-b,2021,49,38,13,10,15,43,52,-9,94,9,42
Ponte Preta,11,serie-b,2021,49,38,12,13,13,39,40,-1,79,7,42
Operário,12,serie-b,2021,48,38,13,9,16,35,46,-11,93,8,42
Brusque,13,serie-b,2021,48,38,13,9,16,44,56,-12,90,3,42
Cruzeiro,14,serie-b,2021,48,38,10,18,10,42,44,-2,91,14,42
Sampaio Corrêa,15,serie-b,2021,47,38,12,11,15,41,42,-1,112,8,41
Londrina,16,serie-b,2021,44,38,11,11,16,31,41,-10,121,3,38
Remo,17,serie-b,2021,43,38,11,10,17,31,42,-11,93,7,37
Vitória,18,serie-b,2021,40,38,8,16,14,31,32,-1,92,8,35
Confiança,19,serie-b,2021,37,38,9,10,19,35,48,-13,104,8,32
Brasil,20,serie-b,2021,23,38,4,11,23,23,52,-29,103,8,20
Palmeiras,1,serie-a,2022,81,38,23,12,3,66,27,39,85,6,71
Internacional,2,serie-a,2022,73,38,20,13,5,58,31,27,94,5,64
Fluminense,3,serie-a,2022,70,38,21,7,10,63,41,22,85,11,61
Corinthians,4,serie-a,2022,65,38,18,11,9,44,36,8,84,6,57
Flamengo,5,serie-a,2022,62,38,18,8,12,60,39,21,84,4,54
Athletico Paranaense,6,serie-a,2022,58,38,16,10,12,48,48,0,95,4,50
Atlético Mineiro,7,serie-a,2022,58,38,15,13,10,45,37,8,93,3,50
Fortaleza,8,serie-a,2022,55,38,15,10,13,46,39,7,88,8,48
São Paulo,9,serie-a,2022,54,38,13,15,10,55,42,13,102,9,47
America Saf,10,serie-a,2022,53,38,15,8,15,40,40,0,88,5,46
Botafogo,11,serie-a,2022,53,38,15,8,15,41,43,-2,98,6,46
Santos Fc,12,serie-a,2022,47,38,12,11,15,44,41,3,102,7,41
Goiás,13,serie-a,2022,46,38,11,13,14,40,53,-13,117,8,40
Red Bull Bragantino,14,serie-a,2022,44,38,11,11,16,49,59,-10,93,7,38
Coritiba,15,serie-a,2022,42,38,12,6,20,39,60,-21,113,12,36
Cuiabá Saf,16,serie-a,2022,41,38,10,11,17,31,42,-11,82,11,35
Ceará,17,serie-a,2022,37,38,7,16,15,34,41,-7,127,10,32
Atlético,18,serie-a,2022,36,38,8,12,18,39,57,-18,104,9,31
Avaí,19,serie-a,2022,35,38,9,8,21,34,60,-26,102,4,30
Juventude,20,serie-a,2022,22,38,3,13,22,29,69,-40,112,8,19
Cruzeiro Saf,1,serie-b,2022,78,38,23,9,6,57,26,31,80,12,68
Grêmio,2,serie-b,2022,65,38,17,14,7,50,26,24,73,3,57
Bahia,3,serie-b,2022,62,38,17,11,10,43,29,14,77,8,54
Vasco da Gama S.a.f.,4,serie-b,2022,62,38,17,11,10,48,36,12,35,3,54
Sampaio Corrêa,5,serie-b,2022,58,38,16,10,12,48,42,6,75,3,50
Ituano,6,serie-b,2022,57,38,15,12,11,42,34,8,95,6,50
Sport,7,serie-b,2022,57,38,15,12,11,37,31,6,86,11,50
Criciúma,8,serie-b,2022,56,38,14,14,10,43,31,12,86,3,49
Londrina,9,serie-b,2022,53,38,14,11,13,36,37,-1,76,8,46
Guarani,10,serie-b,2022,51,38,13,12,13,33,36,-3,100,4,44
Crb,11,serie-b,2022,50,38,13,11,14,35,43,-8,102,7,43
Ponte Preta,12,serie-b,2022,49,38,12,13,13,34,36,-2,124,8,42
Vila Nova,13,serie-b,2022,47,38,9,20,9,28,31,-3,85,5,41
Chapecoense,14,serie-b,2022,45,38,11,12,15,37,39,-2,100,6,39
Tombense,15,serie-b,2022,45,38,10,15,13,38,47,-9,85,1,39
Novorizontino,16,serie-b,2022,44,38,11,11,16,44,49,-5,108,5,38
Csa,17,serie-b,2022,42,38,9,15,14,29,37,-8,88,8,36
Brusque,18,serie-b,2022,34,38,8,10,20,21,38,-17,88,7,29
Operário,19,serie-b,2022,34,38,7,13,18,31,53,-22,81,6,29
Náutico,20,serie-b,2022,30,38,8,6,24,32,65,-33,101,10,26
Palmeiras,1,serie-a,2023,70,38,20,10,8,64,33,31,101,7,61
Grêmio,2,serie-a,2023,68,38,21,5,12,63,56,7,98,6,59
Atlético Mineiro Saf,3,serie-a,2023,66,38,19,9,10,52,32,20,114,7,57
Flamengo,4,serie-a,2023,66,38,19,9,10,56,42,14,89,5,57
Botafogo,5,serie-a,2023,64,38,18,10,10,58,37,21,96,8,56
Red Bull Bragantino,6,serie-a,2023,62,38,17,11,10,49,35,14,110,7,54
Fluminense,7,serie-a,2023,56,38,16,8,14,51,47,4,130,12,49
Athletico Paranaense,8,serie-a,2023,56,38,14,14,10,51,43,8,112,4,49
Internacional,9,serie-a,2023,55,38,15,10,13,46,45,1,114,6,48
Fortaleza,10,serie-a,2023,54,38,15,9,14,45,44,1,100,2,47
São Paulo,11,serie-a,2023,53,38,14,11,13,40,38,2,107,7,46
Cuiabá Saf,12,serie-a,2023,51,38,14,9,15,40,39,1,102,4,44
Corinthians,13,serie-a,2023,50,38,12,14,12,47,48,-1,95,3,43
Cruzeiro Saf,14,serie-a,2023,47,38,11,14,13,35,32,3,101,6,41
Vasco da Gama S.a.f.,15,serie-a,2023,45,38,12,9,17,41,51,-10,103,8,39
Bahia,16,serie-a,2023,44,38,12,8,18,50,53,-3,96,8,38
Santos Fc,17,serie-a,2023,43,38,11,10,17,39,64,-25,103,9,37
Goiás,18,serie-a,2023,38,38,9,11,18,36,53,-17,108,8,33
Coritiba S.a.f.,19,serie-a,2023,30,38,8,6,24,41,73,-32,68,6,26
America Saf,20,serie-a,2023,24,38,5,9,24,42,81,-39,86,11,21
Vitória,1,serie-b,2023,72,38,22,6,10,50,31,19,99,4,63
Juventude,2,serie-b,2023,65,38,18,11,9,42,31,11,111,5,57
Criciúma,3,serie-b,2023,64,38,19,7,12,45,33,12,98,6,56
Atlético,4,serie-b,2023,64,38,17,13,8,56,45,11,94,8,56
Novorizontino,5,serie-b,2023,63,38,19,6,13,48,30,18,102,10,55
Mirassol,6,serie-b,2023,63,38,18,9,11,42,31,11,93,5,55
Sport,7,serie-b,2023,63,38,17,12,9,59,40,19,75,7,55
Vila Nova,8,serie-b,2023,61,38,17,10,11,49,30,19,105,1,53
Crb,9,serie-b,2023,57,38,16,9,13,45,39,6,94,10,50
Guarani,10,serie-b,2023,57,38,15,12,11,42,33,9,109,8,50
Ceará,11,serie-b,2023,50,38,13,11,14,40,45,-5,121,5,43
Botafogo,12,serie-b,2023,47,38,12,11,15,25,42,-17,86,7,41
Avaí,13,serie-b,2023,44,38,10,14,14,31,48,-17,122,17,38
Ituano,14,serie-b,2023,42,38,9,15,14,33,38,-5,112,5,36
Ponte Preta,15,serie-b,2023,42,38,9,15,14,24,35,-11,116,10,36
Chapecoense,16,serie-b,2023,40,38,9,13,16,38,43,-5,122,6,35
Sampaio Corrêa,17,serie-b,2023,39,38,8,15,15,31,43,-12,111,10,34
Tombense,18,serie-b,2023,37,38,9,10,19,37,50,-13,121,4,32
Londrina,19,serie-b,2023,31,38,7,10,21,31,58,-27,114,5,27
Abc,20,serie-b,2023,28,38,5,13,20,28,51,-23,111,8,24
Botafogo,1,serie-a,2024,79,38,23,10,5,59,29,30,107,7,69
Palmeiras,2,serie-a,2024,73,38,22,7,9,60,33,27,106,8,64
Flamengo,3,serie-a,2024,70,38,20,10,8,61,42,19,76,4,61
Fortaleza,4,serie-a,2024,68,38,19,11,8,53,39,14,107,10,59
Internacional,5,serie-a,2024,65,38,18,11,9,53,36,17,103,6,57
São Paulo,6,serie-a,2024,59,38,17,8,13,53,43,10,111,8,51
Corinthians,7,serie-a,2024,56,38,15,11,12,54,45,9,116,10,49
Bahia,8,serie-a,2024,53,38,15,8,15,49,49,0,86,1,46
Cruzeiro Saf,9,serie-a,2024,52,38,14,10,14,43,41,2,100,8,45
Vasco da Gama S.a.f.,10,serie-a,2024,50,38,14,8,16,43,56,-13,94,7,43
Vitória,11,serie-a,2024,47,38,13,8,17,45,52,-7,110,7,41
Atlético Mineiro Saf,12,serie-a,2024,47,38,11,14,13,47,54,-7,110,13,41
Fluminense,13,serie-a,2024,46,38,12,10,16,33,39,-6,118,13,40
Grêmio,14,serie-a,2024,45,38,12,9,17,44,50,-6,93,8,39
Juventude,15,serie-a,2024,45,38,11,12,15,48,59,-11,106,14,39
Red Bull Bragantino,16,serie-a,2024,44,38,10,14,14,44,48,-4,109,7,38
Athletico Paranaense,17,serie-a,2024,42,38,11,9,18,40,46,-6,98,10,36
Criciúma,18,serie-a,2024,38,38,9,11,18,42,61,-19,97,6,33
Atlético Goianiense Saf,19,serie-a,2024,30,38,7,9,22,29,58,-29,105,14,26
Cuiabá Saf,20,serie-a,2024,30,38,6,12,20,29,49,-20,118,2,26
Santos Fc,1,serie-b,2024,68,38,20,8,10,57,32,25,75,3,59
Mirassol,2,serie-b,2024,67,38,19,10,9,42,26,16,78,6,58
Sport,3,serie-b,2024,66,38,19,9,10,57,37,20,122,6,57
Ceará,4,serie-b,2024,64,38,19,7,12,59,41,18,106,9,56
Gremio Novorizontino - Saf,5,serie-b,2024,64,38,18,10,10,43,31,12,108,9,56
Goiás,6,serie-b,2024,63,38,18,9,11,56,32,24,107,5,55
Operário,7,serie-b,2024,58,38,16,10,12,34,32,2,98,11,50
America Saf,8,serie-b,2024,58,38,15,13,10,50,35,15,80,4,50
Vila Nova,9,serie-b,2024,55,38,16,7,15,42,54,-12,119,5,48
Avaí,10,serie-b,2024,53,38,14,11,13,34,32,2,91,3,46
Amazonas Fc,11,serie-b,2024,52,38,14,10,14,31,37,-6,117,6,45
Coritiba S.a.f.,12,serie-b,2024,50,38,14,8,16,41,44,-3,88,4,43
Paysandu,13,serie-b,2024,50,38,12,14,12,41,43,-2,125,13,43
Botafogo,14,serie-b,2024,45,38,11,12,15,36,51,-15,113,8,39
Chapecoense,15,serie-b,2024,44,38,11,11,16,34,45,-11,119,5,38
Crb,16,serie-b,2024,43,38,11,10,17,38,45,-7,109,4,37
Ponte Preta,17,serie-b,2024,38,38,10,8,20,37,55,-18,115,13,33
Ituano,18,serie-b,2024,37,38,11,4,23,43,63,-20,118,8,32
Brusque,19,serie-b,2024,36,38,8,12,18,24,44,-20,94,9,31
Guarani,20,serie-b,2024,33,38,8,9,21,33,53,-20,103,8,28
Palmeiras,1,serie-a,2025,65,30,20,5,5,55,26,29,69,5,72
Flamengo,2,serie-a,2025,64,30,19,7,4,59,16,43,62,4,71
Cruzeiro Saf,3,serie-a,2025,60,31,17,9,5,45,22,23,85,5,64
Mirassol,4,serie-a,2025,56,31,15,11,5,52,31,21,77,3,60
Bahia,5,serie-a,2025,52,31,15,7,9,42,35,7,73,4,55
Botafogo,6,serie-a,2025,48,31,13,9,9,41,28,13,76,3,51
Fluminense,7,serie-a,2025,47,31,14,5,12,37,37,0,64,3,50
São Paulo,8,serie-a,2025,44,31,12,8,11,35,33,2,89,6,47
Vasco da Gama S.a.f.,9,serie-a,2025,42,31,12,6,13,49,43,6,65,3,45
Corinthians,10,serie-a,2025,42,31,11,9,11,34,35,-1,98,6,45
Grêmio,11,serie-a,2025,39,31,10,9,12,33,40,-7,86,6,41
Ceará,12,serie-a,2025,38,31,10,8,13,29,29,0,69,3,40
Atlético Mineiro Saf,13,serie-a,2025,37,30,9,10,11,27,32,-5,85,7,41
Red Bull Bragantino,14,serie-a,2025,36,31,10,6,15,35,49,-14,90,4,38
Internacional,15,serie-a,2025,36,31,9,9,13,35,43,-8,73,5,38
Santos Fc,16,serie-a,2025,33,30,8,9,13,31,43,-12,80,4,36
Vitória,17,serie-a,2025,31,31,7,10,14,28,47,-19,93,9,33
Fortaleza Ec Saf,18,serie-a,2025,28,30,7,7,16,28,45,-17,85,9,31
Juventude,19,serie-a,2025,26,31,7,5,19,24,58,-34,93,6,27
Sport Recife,20,serie-a,2025,17,30,2,11,17,22,49,-27,80,2,18
Coritiba S.a.f.,1,serie-b,2025,61,35,17,10,8,35,21,14,104,11,58
Chapecoense,2,serie-b,2025,58,35,17,7,11,50,33,17,86,6,55
Remo,3,serie-b,2025,58,35,15,13,7,46,34,12,88,7,55
Athletico Paranaense,4,serie-b,2025,56,35,16,8,11,48,42,6,72,12,53
Gremio Novorizontino - Saf,5,serie-b,2025,56,35,14,14,7,39,30,9,87,10,53
Criciúma,6,serie-b,2025,55,35,15,10,10,44,32,12,98,7,52
Goiás,7,serie-b,2025,55,35,15,10,10,39,34,5,83,8,52
Crb,8,serie-b,2025,52,35,15,7,13,41,35,6,85,2,49
Avaí,9,serie-b,2025,51,35,13,12,10,45,37,8,77,6,48
Atlético Goianiense Saf,10,serie-b,2025,51,35,13,12,10,39,36,3,109,7,48
Cuiabá Saf,11,serie-b,2025,50,35,13,11,11,41,42,-1,98,3,47
Vila Nova,12,serie-b,2025,45,35,11,12,12,36,38,-2,95,11,42
Operário,13,serie-b,2025,43,35,11,10,14,36,41,-5,99,6,40
America Saf,14,serie-b,2025,42,35,11,9,15,39,42,-3,89,5,40
Ferroviária,15,serie-b,2025,40,35,8,16,11,40,46,-6,90,11,38
Botafogo,16,serie-b,2025,38,35,9,11,15,31,50,-19,87,4,36
Athletic Saf,17,serie-b,2025,37,35,10,7,18,39,51,-12,100,6,35
Amazonas Saf,18,serie-b,2025,35,35,8,11,16,35,50,-15,108,6,33
Volta Redonda,19,serie-b,2025,34,35,8,10,17,23,38,-15,82,6,32
Paysandu,20,serie-b,2025,27,35,5,12,18,32,46,-14,90,4,25
